algorithm,problem,matrix_dimension,best_time_seconds,mean_time_seconds,relative_residual_norm,relative_error,condition_number_2,polynomial_degree,qsvt_signal_operator_calls
numpy.linalg.solve,dense-linear-system,6,1.2203000096633332e-05,1.7497500039098668e-05,6.614917107302102e-16,,19.1956693580892,5,5
qsvt.benchmarks.conjugate_gradient_solve,positive-definite-linear-system,6,9.690099977888167e-05,0.00010068299980048323,1.6576509860377815e-15,,19.195669358089173,5,5
numpy.linalg.solve,dense-linear-system,10,1.3154000043869019e-05,1.7427500097255688e-05,1.8282707615838322e-15,,48.37415007870822,9,9
qsvt.benchmarks.conjugate_gradient_solve,positive-definite-linear-system,10,0.00010040699999080971,0.00011210399998162757,4.826714115044162e-15,,48.37415007870815,9,9
numpy.linalg.solve,dense-linear-system,14,1.5418999737448758e-05,1.9651499769679504e-05,3.019197711663549e-15,,90.52313096777439,9,9
qsvt.benchmarks.conjugate_gradient_solve,positive-definite-linear-system,14,0.00014069300004848628,0.00014155400003801333,5.889294516217078e-15,,90.52313096777365,9,9
