algorithm,problem,matrix_dimension,best_time_seconds,mean_time_seconds,relative_residual_norm,relative_error,condition_number_2,polynomial_degree,qsvt_signal_operator_calls
numpy.linalg.solve,dense-linear-system,6,1.242300004378194e-05,1.8123500069577858e-05,6.614917107302102e-16,,19.1956693580892,5,5
qsvt.benchmarks.conjugate_gradient_solve,positive-definite-linear-system,6,0.00010364299998855131,0.00011669750000464774,1.6576509860377815e-15,,19.195669358089173,5,5
numpy.linalg.solve,dense-linear-system,10,1.367600009416492e-05,1.825949999556542e-05,1.8282707615838322e-15,,48.37415007870822,9,9
qsvt.benchmarks.conjugate_gradient_solve,positive-definite-linear-system,10,0.00010360300007050682,0.00010470500001247274,4.826714115044162e-15,,48.37415007870815,9,9
numpy.linalg.solve,dense-linear-system,14,1.481799995417532e-05,1.9020999957319873e-05,3.019197711663549e-15,,90.52313096777439,9,9
qsvt.benchmarks.conjugate_gradient_solve,positive-definite-linear-system,14,0.00010814199993092188,0.00012260399995511762,5.889294516217078e-15,,90.52313096777365,9,9
