algorithm,problem,matrix_dimension,best_time_seconds,mean_time_seconds,relative_residual_norm,relative_error,condition_number_2,polynomial_degree,qsvt_signal_operator_calls
numpy.linalg.solve,dense-linear-system,6,1.2011999842798105e-05,1.828399990699836e-05,6.614917107302102e-16,,19.1956693580892,5,5
qsvt.benchmarks.conjugate_gradient_solve,positive-definite-linear-system,6,0.00010080800029754755,0.00010287700024491642,1.6576509860377815e-15,,19.195669358089173,5,5
numpy.linalg.solve,dense-linear-system,10,1.296399977945839e-05,1.736199988044973e-05,1.8282707615838322e-15,,48.37415007870825,9,9
qsvt.benchmarks.conjugate_gradient_solve,positive-definite-linear-system,10,0.0001001870000436611,0.0001024015000439249,4.826714115044162e-15,,48.37415007870815,9,9
numpy.linalg.solve,dense-linear-system,14,1.4747000022907741e-05,1.9436000002315268e-05,3.019197711663549e-15,,90.5231309677748,9,9
qsvt.benchmarks.conjugate_gradient_solve,positive-definite-linear-system,14,0.00010380399999121437,0.00010486599990144896,5.889294516217078e-15,,90.52313096777365,9,9
