algorithm,problem,matrix_dimension,best_time_seconds,mean_time_seconds,relative_residual_norm,relative_error,condition_number_2,polynomial_degree,qsvt_signal_operator_calls
numpy.linalg.solve,dense-linear-system,6,1.2002000403299462e-05,1.9361000340722967e-05,6.614917107302102e-16,,19.1956693580892,5,5
qsvt.benchmarks.conjugate_gradient_solve,positive-definite-linear-system,6,9.711100028653163e-05,0.00010423399999126559,1.6576509860377815e-15,,19.195669358089173,5,5
numpy.linalg.solve,dense-linear-system,10,1.3115000001562294e-05,1.9321500076330267e-05,1.8282707615838322e-15,,48.37415007870822,9,9
qsvt.benchmarks.conjugate_gradient_solve,positive-definite-linear-system,10,9.952500022336608e-05,0.00010263650028718985,4.826714115044162e-15,,48.37415007870815,9,9
numpy.linalg.solve,dense-linear-system,14,1.550900014990475e-05,2.19460002881533e-05,3.019197711663549e-15,,90.52313096777439,9,9
qsvt.benchmarks.conjugate_gradient_solve,positive-definite-linear-system,14,0.00010058800035039894,0.0001052615002663515,5.889294516217078e-15,,90.52313096777365,9,9
