algorithm,problem,matrix_dimension,best_time_seconds,mean_time_seconds,relative_residual_norm,relative_error,condition_number_2,polynomial_degree,qsvt_signal_operator_calls
numpy.linalg.solve,dense-linear-system,6,1.1682000149448868e-05,1.7161999949166784e-05,6.614917107302102e-16,,19.1956693580892,5,5
qsvt.benchmarks.conjugate_gradient_solve,positive-definite-linear-system,6,0.00010127899986400735,0.00010615849987516413,1.6576509860377815e-15,,19.195669358089173,5,5
numpy.linalg.solve,dense-linear-system,10,1.3575000139098847e-05,1.856450012382993e-05,1.8282707615838322e-15,,48.37415007870825,9,9
qsvt.benchmarks.conjugate_gradient_solve,positive-definite-linear-system,10,9.788300030777464e-05,9.955600012290233e-05,4.826714115044162e-15,,48.37415007870815,9,9
numpy.linalg.solve,dense-linear-system,14,1.4766999811399728e-05,1.9611499965321855e-05,3.019197711663549e-15,,90.5231309677748,9,9
qsvt.benchmarks.conjugate_gradient_solve,positive-definite-linear-system,14,0.00010429500025566085,0.000105657500171219,5.889294516217078e-15,,90.52313096777365,9,9
