algorithm,problem,matrix_dimension,best_time_seconds,mean_time_seconds,relative_residual_norm,relative_error,condition_number_2,polynomial_degree,qsvt_signal_operator_calls
numpy.linalg.solve,dense-linear-system,6,1.6231000245170435e-05,3.157950027343759e-05,6.614917107302102e-16,,19.1956693580892,5,5
qsvt.benchmarks.conjugate_gradient_solve,positive-definite-linear-system,6,0.00014844799989077728,0.00017913949977810262,1.6576509860377815e-15,,19.195669358089173,5,5
numpy.linalg.solve,dense-linear-system,10,1.5670000266254647e-05,2.2182000066095497e-05,1.8282707615838322e-15,,48.37415007870825,9,9
qsvt.benchmarks.conjugate_gradient_solve,positive-definite-linear-system,10,0.00014641300003859214,0.00014714949998051452,4.826714115044162e-15,,48.37415007870815,9,9
numpy.linalg.solve,dense-linear-system,14,2.0198000129312277e-05,2.558799997132155e-05,3.019197711663549e-15,,90.5231309677748,9,9
qsvt.benchmarks.conjugate_gradient_solve,positive-definite-linear-system,14,0.00015305599981729756,0.0001572939997913636,5.889294516217078e-15,,90.52313096777365,9,9
