algorithm,problem,matrix_dimension,best_time_seconds,mean_time_seconds,relative_residual_norm,relative_error,condition_number_2,polynomial_degree,qsvt_signal_operator_calls
numpy.linalg.solve,dense-linear-system,6,1.224299990099098e-05,2.0603499933713465e-05,6.614917107302102e-16,,19.1956693580892,5,5
qsvt.benchmarks.conjugate_gradient_solve,positive-definite-linear-system,6,0.00012299900004109077,0.00012933100003920117,1.6576509860377815e-15,,19.195669358089173,5,5
numpy.linalg.solve,dense-linear-system,10,1.331499993284524e-05,2.0077500039406004e-05,1.8282707615838322e-15,,48.37415007870825,9,9
qsvt.benchmarks.conjugate_gradient_solve,positive-definite-linear-system,10,0.00010711999993873178,0.00011530999995557067,4.826714115044162e-15,,48.37415007870815,9,9
numpy.linalg.solve,dense-linear-system,14,1.530800000182353e-05,2.1529999912672793e-05,3.019197711663549e-15,,90.5231309677748,9,9
qsvt.benchmarks.conjugate_gradient_solve,positive-definite-linear-system,14,0.00010182999994867714,0.00010393349998594203,5.889294516217078e-15,,90.52313096777365,9,9
