algorithm,problem,matrix_dimension,best_time_seconds,mean_time_seconds,relative_residual_norm,relative_error,condition_number_2,polynomial_degree,qsvt_signal_operator_calls
numpy.linalg.solve,dense-linear-system,6,1.2483000091378926e-05,1.9425999994382437e-05,6.614917107302102e-16,,19.1956693580892,5,5
qsvt.benchmarks.conjugate_gradient_solve,positive-definite-linear-system,6,9.914500014929217e-05,0.00010800649999964662,1.6576509860377815e-15,,19.195669358089173,5,5
numpy.linalg.solve,dense-linear-system,10,1.3115000001562294e-05,1.781349999419035e-05,1.8282707615838322e-15,,48.37415007870825,9,9
qsvt.benchmarks.conjugate_gradient_solve,positive-definite-linear-system,10,0.00010237099991172727,0.00010239599998840276,4.826714115044162e-15,,48.37415007870815,9,9
numpy.linalg.solve,dense-linear-system,14,1.4938000049369293e-05,1.9321000081617967e-05,3.019197711663549e-15,,90.5231309677748,9,9
qsvt.benchmarks.conjugate_gradient_solve,positive-definite-linear-system,14,0.00010502600002837426,0.00011090700002114318,5.889294516217078e-15,,90.52313096777365,9,9
