n_vertices,degree,best_time,best_probability,polynomial_marked_probability,probability_error,state_relative_error,operator_relative_error,qsp_phase_count,signal_call_proxy
4,8,3.141592653589793,1.0,0.9999372053660484,6.279463395164608e-05,3.959031620304213e-05,4.678116979011169e-05,9,8
4,14,3.141592653589793,1.0,1.0000000000612528,6.125278062540929e-11,3.520099954947341e-11,4.3195115264849365e-11,15,14
8,8,4.442882938158366,0.9999999999999998,0.9998108606993421,0.00018913930065767026,0.00020533422982104197,0.0004154505601133006,9,8
8,14,4.442882938158366,0.9999999999999998,1.000000000521065,5.210651909948183e-10,1.0174852018969722e-09,1.7096095496782176e-09,15,14
16,10,6.283185307179586,0.9999999999999996,0.999864952248257,0.00013504775174255634,9.385743159460467e-05,0.00016283612240763763,11,10
16,18,6.283185307179586,0.9999999999999996,0.9999999999889018,1.1097789354153065e-11,1.0227003824355972e-11,1.5673785088822955e-11,19,18
