{
  "mode": "classical-benchmark",
  "algorithm": "qsvt.benchmarks.conjugate_gradient_solve",
  "problem": "positive-definite-linear-system",
  "matrix_dimension": 12,
  "repeats": 3,
  "best_time_seconds": 0.0001001969999379071,
  "mean_time_seconds": 0.00011800033325926051,
  "metrics": {
    "iterations": 1,
    "converged": true,
    "residual_norm": 1.95853891210669e-14,
    "relative_residual_norm": 7.682021639202151e-15,
    "tolerance": 1e-10,
    "condition_number_2": 67.82742906960367,
    "matvec_count": 1
  },
  "qsvt_proxy": {
    "mode": "resource-report",
    "estimate_kind": "proxy",
    "coeffs": [
      0.5740771268896445,
      -2.5894968944169845,
      -1.5692594163347968,
      13.970171231498076,
      5.815038459350933,
      -36.817911761175324,
      -8.116145515828556,
      42.041133485744254,
      3.7809199020638133,
      -17.119265505508988
    ],
    "resources": {
      "estimate_kind": "proxy",
      "degree": 9,
      "coefficient_count": 10,
      "qsp_phase_count": 10,
      "signal_operator_calls": 9,
      "inverse_signal_operator_calls": 9,
      "matrix_dimension": 12,
      "encoding_qubits": 4,
      "total_qubits": 5,
      "block_encoding": "dense-block-encoding",
      "notes": [
        "Proxy estimate based on polynomial degree; not a hardware resource model.",
        "Signal-call counts assume one forward and one inverse query per QSVT step.",
        "Encoding width includes unused basis states."
      ],
      "omitted_costs": [
        "block_encoding_construction",
        "state_preparation",
        "amplitude_amplification",
        "error_correction",
        "hardware_compilation"
      ],
      "requires_block_encoding": true,
      "requires_state_preparation": true,
      "fault_tolerant_estimate": false
    },
    "compatibility": {
      "mode": "qsvt-compatibility-report",
      "poly": [
        0.5740771268896445,
        -2.5894968944169845,
        -1.5692594163347968,
        13.970171231498076,
        5.815038459350933,
        -36.817911761175324,
        -8.116145515828556,
        42.041133485744254,
        3.7809199020638133,
        -17.119265505508988
      ],
      "polynomial_degree": 9,
      "coefficients_finite": true,
      "parity": "mixed",
      "has_definite_parity": false,
      "bounded_domain": [
        -1.0,
        1.0
      ],
      "bounded_num_points": 4001,
      "bound": 1.0,
      "max_abs_value": 1.0000000000000036,
      "bounded_margin": -3.552713678800501e-15,
      "is_bounded": true,
      "attempted_pennylane_synthesis": false,
      "pennylane_synthesis_succeeded": null,
      "reasons": [
        "mixed_parity"
      ],
      "compatible": false
    },
    "diagnostics": {},
    "requires_block_encoding": true,
    "requires_state_preparation": true,
    "fault_tolerant_estimate": false,
    "omitted_costs": [
      "block_encoding_construction",
      "state_preparation",
      "amplitude_amplification",
      "error_correction",
      "hardware_compilation"
    ],
    "limitations": [
      "No block-encoding construction cost is included.",
      "No state-preparation, amplitude-amplification, error-correction, or hardware compilation cost is included.",
      "Use the report for comparing small polynomial workflows, not for claiming end-to-end quantum runtime."
    ]
  },
  "notes": [
    "CG is a relevant sparse positive-definite baseline; this implementation uses dense NumPy matvecs for reproducibility."
  ]
}
