{
  "mode": "qsvt-matrix-transform-report",
  "input": {
    "real": [
      [
        0.31351701,
        -0.23499807
      ],
      [
        -0.23499807,
        0.68648299
      ]
    ],
    "imag": [
      [
        0.0,
        0.0
      ],
      [
        0.0,
        0.0
      ]
    ]
  },
  "eigenvalues": [
    0.2000000025615583,
    0.7999999974384417
  ],
  "poly": [
    0.0,
    0.0,
    1.0
  ],
  "classical": {
    "real": [
      [
        0.15351700846306496,
        -0.23499807
      ],
      [
        -0.23499807000000003,
        0.5264829884630651
      ]
    ],
    "imag": [
      [
        0.0,
        0.0
      ],
      [
        0.0,
        0.0
      ]
    ]
  },
  "encoding_wires": [
    0,
    1
  ],
  "wire_order": [
    0,
    1
  ],
  "block_encoding": "embedding",
  "matrix_dimension": 2,
  "unitary_dimension": 4,
  "polynomial_degree": 2,
  "qsvt_succeeded": true,
  "qsvt": [
    [
      0.15351700846291172,
      -0.23499806999976494
    ],
    [
      -0.23499806999976497,
      0.5264829884625386
    ]
  ],
  "qsvt_imag": [
    [
      -0.8464827744335008,
      -0.2349984023337818
    ],
    [
      -0.23499840233378178,
      -0.4735162669857875
    ]
  ],
  "comparison_basis": "real_part",
  "abs_error": [
    [
      1.5323853297388723e-13,
      2.3506196988876127e-13
    ],
    [
      2.3506196988876127e-13,
      5.264677582772492e-13
    ]
  ],
  "max_error": 5.264677582772492e-13,
  "rms_error": 3.2060825311797223e-13,
  "frobenius_error": 6.412165062359445e-13,
  "max_imag_abs": 0.8464827744335008
}
