{
  "mode": "qsvt-transform-report",
  "input": [
    1.0,
    0.7,
    0.3,
    0.1
  ],
  "poly": [
    0.0,
    0.0,
    1.0
  ],
  "classical": [
    1.0,
    0.48999999999999994,
    0.09,
    0.010000000000000002
  ],
  "encoding_wires": [
    0,
    1,
    2
  ],
  "wire_order": [
    0,
    1,
    2
  ],
  "block_encoding": "embedding",
  "num_values": 4,
  "matrix_dimension": 4,
  "unitary_dimension": 8,
  "polynomial_degree": 2,
  "qsvt_succeeded": true,
  "qsvt": [
    0.999999999999,
    0.4899999999995102,
    0.08999999999991017,
    0.009999999999990171
  ],
  "abs_error": [
    9.999778782798785e-13,
    4.897193761621565e-13,
    8.983092047998298e-14,
    9.830677938360566e-15
  ],
  "max_error": 9.999778782798785e-13,
  "rms_error": 5.585577546102077e-13
}
